,model,pca,f1_score,precision,recall,tp,fp,fn,tn
0,nb,False,0.8464163822525598,0.8378378378378378,0.8551724137931035,769,24,21,124
0,nb,True,0.5150214592274678,0.6818181818181818,0.41379310344827586,765,28,85,60
0,svc,False,0.8865248226950354,0.9124087591240876,0.8620689655172413,781,12,20,125
0,svc,True,0.5959183673469388,0.73,0.503448275862069,766,27,72,73
